cost_min,cost_max,dist_min,dist_max,alpha,k
-9.819317509103104,27.04569673273705,129420.96885382292,1425678.0462671788,0.0,1
-19.823603386253225,38.394255449254864,112439.21984833531,1072385.9063894611,0.0,2
-14.47153395344248,43.29131124904041,95064.38917072004,498114.1176078465,0.0,3
-20.3080387797781,67.35091744072088,88939.79095363691,437398.15579180385,0.0,4
-9.347086052408198,65.37068543418422,81557.85884527638,299888.7335575979,0.0,5
-9.031801228357198,75.78761584571895,64247.536150491964,285425.847649995,0.0,6
-3.164392154866853,93.88440870065135,66151.9374073126,224372.67932621078,0.0,7
-2.857875049080299,113.38995926125028,65666.22296858547,167507.81271010323,0.0,8
9.578755137619567,122.9911344806728,62479.380234600096,174515.7605996719,0.0,9
-0.872530063612615,109.28627754155805,59553.35880110773,175550.01717463316,0.0,10
4.553209782660366,113.6619561481765,54328.92013211348,172160.1153892883,0.0,11
15.52707388262966,115.61634668161658,53457.51178696725,145252.67534645673,0.0,12
16.467511825418917,123.73687664086675,55075.132389443024,173270.59411287887,0.0,13
14.830419439786196,140.00958354279882,53431.47263422042,144791.04036462476,0.0,14
33.72829197342,168.8077120623176,48013.432375206685,117729.57635216572,0.0,15
12.337807774928741,150.57011957195047,46595.32119173962,115654.47162208281,0.0,16
38.50112308850611,153.56672227781624,48236.33285149117,107971.06093285634,0.0,17
34.83240871819288,163.92061006247383,48225.91818131932,116682.55408122655,0.0,18
49.38749152082094,167.27263978040818,45369.608331337266,105156.95197468469,0.0,19
47.56580257552736,191.04642230842688,41681.09535701077,105965.66542272893,0.0,20
44.31316954185423,189.55033624789166,45396.54926789272,123067.41206060925,0.0,21
52.21715673077858,173.70638356767577,44287.619528520794,101600.5594165125,0.0,22
64.95548983148035,189.2085341552615,41974.93971160826,109899.40442796142,0.0,23
48.93450558231599,199.87394067845221,40366.42684316126,105755.52704292515,0.0,24
63.090007383340655,228.37120343204379,40311.10722905522,97387.33825708138,0.0,25
65.35126986640256,210.9386478606076,41911.346319787706,84625.48819152937,0.0,26
70.63562429247473,199.92689350028823,40455.560764693735,85405.00065313408,0.0,27
85.22329849836501,238.4046857987815,39155.226433528405,89319.49723157319,0.0,28
80.97761378952497,233.63222470315597,39033.09087707971,93034.64589429648,0.0,29
61.32968709509557,202.25779696254122,36726.682983124134,108295.88571179092,0.0,30
96.57361143985128,225.57494136675263,38338.330370670184,74856.51918792514,0.0,31
84.22103616093693,225.85659508260278,37564.76801800759,95925.13787023685,0.0,32
85.95659949239868,248.6628825707108,36550.87316509747,87758.03314846219,0.0,33
96.92160696410357,261.3554184881291,36504.96291759394,77901.74189911345,0.0,34
108.11854034627825,253.98560162101597,36431.751840161676,78651.45058868997,0.0,35
112.54006339408907,252.79060018643847,35958.7088124793,73436.00578339487,0.0,36
110.19375736240886,233.93304362910513,36157.65711065469,69828.62463186444,0.0,37
95.78722486727389,291.75744082368396,34876.04425302417,65802.82972454737,0.0,38
113.96440074179247,246.27496221955494,33340.111246896464,65651.65299087712,0.0,39
115.82893383731901,281.90739505409465,34550.927748350936,68684.12087633915,0.0,40
103.32302815768747,262.4050829827138,32181.37274079968,80913.44036604608,0.0,41
134.00574171489882,251.87252693046025,32573.464466415415,70547.80007286363,0.0,42
145.62405794733354,278.22492558370277,33860.905748560086,65187.958592545474,0.0,43
131.86878325924152,281.0024470580946,32842.951720992096,76515.01414713183,0.0,44
127.86982387859135,291.67381236886024,32903.35303205293,63704.448579396085,0.0,45
147.53754109418819,282.49726536283777,32462.83216603022,60738.17561971663,0.0,46
93.03986284314267,291.73962039565583,31729.475614078838,69431.93867877948,0.0,47
154.2930987869498,285.7086060112432,31564.394916102072,64890.38986203758,0.0,48
150.8941900414199,293.31647189347575,32358.055069265833,62012.210632203,0.0,49
170.19550213010112,300.7947278751144,31773.694877619695,48532.20250765011,0.0,50
150.85453634681312,282.6907923722672,31888.074104682735,56066.49130747095,0.0,51
171.39613924080393,298.2220518787941,31404.40323281899,59871.585539898115,0.0,52
163.70247039862906,296.0738201800574,30815.709543187564,59792.79786599868,0.0,53
187.2171518459767,313.0349942609739,30796.92691792767,56237.79735543866,0.0,54
196.36123243580852,296.2563845419943,31783.495817156232,45445.416386695026,0.0,55
168.5119673327984,315.7175168454637,31175.961069299,48856.919632808545,0.0,56
175.8345916953368,327.2578740636169,30875.24617171823,46704.527134012096,0.0,57
172.90482430384108,316.2552961975822,30105.304800945454,46872.63666071163,0.0,58
200.98736985902244,331.8173815536693,30339.960352045393,43605.10197479846,0.0,59
203.95425538882495,315.8520245438658,30505.551918290996,43880.43618783827,0.0,60
204.3960206778106,326.2785491091814,30476.63980281788,54376.521690027,0.0,61
203.0352269479901,332.07238265257365,30055.457746200107,55524.20067386452,0.0,62
207.16944310582198,328.7688488338674,30077.085512174104,45477.09427863249,0.0,63
221.51908901503208,322.3219338304672,30038.32757791822,43807.225657095674,0.0,64
236.50646026863373,338.31809661222997,29878.407914053318,42170.46705819619,0.0,65
216.86519783969885,326.83230039633463,30018.34580521834,41607.68513660004,0.0,66
241.6166257097237,333.1763706518441,30106.114816734986,41605.790205934296,0.0,67
227.54753550947407,337.25164745727443,29846.48685989492,41825.23450998193,0.0,68
250.25726645236458,335.3812478055039,29913.203989736958,39827.911972958,0.0,69
249.3767350731886,344.203480926054,29795.01395140233,40062.460584575245,0.0,70
265.00691135677323,342.06423145859503,29736.842720567067,40769.04957881643,0.0,71
251.56711606372818,333.1763706518441,29751.790181720567,39871.34865386156,0.0,72
260.5541912934266,334.1991950489039,29733.990844603257,38570.30901585674,0.0,73
260.98410078788214,334.1991950489039,29733.990844603257,38505.099527642815,0.0,74
270.47345244237374,334.1991950489039,29733.990844603257,39326.58728892274,0.0,75
295.7270511120249,334.1991950489039,29733.990844603257,37811.0135414342,0.0,76
297.3341808070637,334.1991950489039,29733.990844603257,31053.628136064188,0.0,77
324.19490917175375,324.19490917175375,29733.990844603257,29733.990844603257,0.0,78
-9.819317509103104,17.484175051653775,129420.96885382292,1437447.3808283443,0.1,1
-19.00464782305174,43.085119424129765,108407.57369140371,599316.1246732532,0.1,2
-8.202850192244318,45.20994304476689,94504.67128068047,382890.364160613,0.1,3
-25.564668028590255,69.8106066423781,79466.48730640086,376207.5264117743,0.1,4
-15.959498063152264,66.151867679179,77753.55596391101,279597.8180763251,0.1,5
-4.3126799052323594,90.47460762980802,74234.56709073015,321730.61986341164,0.1,6
2.7750390417595003,86.73430676963933,65351.66735782369,234891.6717766991,0.1,7
7.938858001344977,104.32411066777868,61323.24531228759,231869.39098669915,0.1,8
13.76381322478117,108.05636739635385,60013.09036281536,211769.68472068282,0.1,9
-2.9695727749707057,106.81703763176368,56051.56985584731,161748.24195359068,0.1,10
-9.409290747781258,137.77657545711457,54927.40537151423,166466.5427974107,0.1,11
2.5705082483689097,127.90502659320123,54769.59314266841,144349.00417704319,0.1,12
22.802886139896998,135.9390370966095,52122.38229219282,145121.26482782402,0.1,13
26.831242244050454,165.70092408442733,52838.340919299924,193387.47288528987,0.1,14
-2.576183540644511,132.12435678934298,51783.59222470294,147580.95541880405,0.1,15
36.25563892952344,184.62010610077414,45427.60661758855,124012.45888476186,0.1,16
32.61924398240153,179.14787661688388,45458.63222017805,120685.08864841376,0.1,17
20.410005738857194,156.43060085184692,43721.06593418735,120381.44508545133,0.1,18
23.131436200182268,175.38998554098887,45821.7888399303,107417.98256649735,0.1,19
16.98414445273361,164.08387771372924,43772.41961042325,109164.34384437988,0.1,20
51.85364947046708,161.5885093077418,41606.46622770759,112915.62519205702,0.1,21
43.355233174380274,180.59326363078839,39749.38935570081,85238.95626815922,0.1,22
59.033909852632675,181.78734942284083,41237.877123110455,100951.05789216241,0.1,23
67.64335925007654,202.11430738994736,41418.90800277648,101091.51050040993,0.1,24
66.11967706718693,219.52347022811918,38905.11174726075,88931.23448467591,0.1,25
73.70607876838113,198.35920792208452,39824.26200374436,93788.85967619742,0.1,26
52.779526657962265,212.7597593272138,38960.411747981416,81266.60616348582,0.1,27
56.611046831748396,216.40871256324422,39171.27059503828,92353.86888032427,0.1,28
58.89097647708928,209.1647164737385,39173.628371188825,83901.63157900199,0.1,29
74.5142280301483,218.78109700369336,38661.18971611307,87918.42683581139,0.1,30
79.6939115806162,240.60149458506322,36301.036521180504,86732.17329685636,0.1,31
81.75956047175245,240.25563520901034,38052.892337252684,92431.42438875636,0.1,32
82.8680714320422,236.31587451907745,36968.71371418418,96700.44118474032,0.1,33
112.94507160344389,237.41122386381525,36210.85485273367,84398.36679745681,0.1,34
95.0876207501243,245.41105595963566,36498.94607007173,71007.37515199659,0.1,35
101.35054605903721,261.4916984611712,35535.094491311866,70649.76944892856,0.1,36
115.80056106905785,257.46813480817013,35033.990191578734,64777.368894211024,0.1,37
103.5986741061134,245.6487968665447,35360.53441051497,73886.3367887925,0.1,38
111.44328716185603,257.111995694764,33335.24854231114,61115.45352229367,0.1,39
127.39867615762893,261.8012496274131,33705.25186355366,75463.65598482122,0.1,40
111.37267164366068,262.6076673721069,34345.42517907889,67502.95866417736,0.1,41
124.2915948887993,277.53706485995974,34079.62302414993,67728.0130721994,0.1,42
135.543861629917,287.84641543949124,33645.207771450754,78765.22247133384,0.1,43
134.50238961540666,297.94884071303295,34260.61268893194,69316.2693859231,0.1,44
128.82174707429644,294.5732917243282,33631.43766051485,66420.44968211601,0.1,45
152.42705257616979,281.058130320833,33063.989871212856,62763.31646673151,0.1,46
150.9667669059035,299.5612910201033,32086.18583262552,61485.10001994231,0.1,47
164.3847019929988,281.8333551592905,32228.555090559024,49474.875310626885,0.1,48
172.86553057416398,307.6770713796854,31595.990127315057,65003.85583620895,0.1,49
164.2771251981203,278.4642158009939,32713.387532536934,48360.94565572849,0.1,50
169.46427558675987,320.35772542885036,32609.044610632624,59145.57194414999,0.1,51
154.6249054386354,309.81291676699834,31540.05713141763,50877.871865655936,0.1,52
182.20946975705834,338.36317653761705,31511.419207028848,67231.47746658801,0.1,53
145.18797442208486,316.1740053977462,31017.066995918016,50653.70199099779,0.1,54
188.9140127335938,299.14003735440224,31096.574685303356,62582.5700577223,0.1,55
181.55813567244894,340.9790858344528,31213.218841930884,43738.41616864346,0.1,56
190.4195814091034,305.9339702833911,31032.61282896006,47273.71547354606,0.1,57
195.58855333627082,321.6658530494851,30242.17784961936,45914.35340179485,0.1,58
201.2905334609888,326.98640508107314,30815.851348226126,45853.249147727875,0.1,59
202.76844614788718,327.46692744678796,30931.21981370103,45209.544188771324,0.1,60
201.24245655163463,338.84540060841334,30357.94976254541,42687.80087873072,0.1,61
191.3453134860434,313.032833845254,30585.02566567476,43613.89403477713,0.1,62
217.23839260251776,341.7824708110297,30154.799370417542,55131.664909981686,0.1,63
226.626073970877,332.7450237383514,30148.905052927297,46250.388830193595,0.1,64
211.89955021336993,329.24479882905166,30301.023992913837,44125.39635087342,0.1,65
198.39500017031799,336.5870027693767,30010.381811430085,41294.81857318177,0.1,66
219.31661421372556,326.64286522760153,29866.80056413991,43227.477906986926,0.1,67
223.7043894431845,326.2509576663459,29752.724599875575,42189.55593022891,0.1,68
234.61681538391764,339.0171395317543,29763.796616105275,40810.334921662674,0.1,69
241.79428978471023,334.1991950489039,29814.668222399807,40369.2040970803,0.1,70
261.48332626390584,328.3455362449523,29776.335602277028,39181.26219349485,0.1,71
271.6156109090165,338.3498221221024,29733.990844603257,39376.39634872341,0.1,72
261.3840990266612,334.1991950489039,29733.990844603257,39553.38761227384,0.1,73
280.9851605880433,329.08275936906796,29733.990844603257,38264.992786069386,0.1,74
282.7120922585468,337.25164745727443,29733.990844603257,39172.52768071663,0.1,75
292.2177451272278,334.1991950489039,29733.990844603257,38495.358152974826,0.1,76
306.895702488147,334.1991950489039,29733.990844603257,31201.317127120736,0.1,77
324.19490917175375,324.19490917175375,29733.990844603257,29733.990844603257,0.1,78
-9.819317509103104,27.04569673273705,132109.70867403896,1437447.3808283443,0.2,1
-19.823603386253225,41.667785281254,111385.58132089503,957292.9470800678,0.2,2
-23.059733573938235,55.78102069944007,87475.89994495704,551697.7412220446,0.2,3
-17.496085907489423,54.11807146208309,86656.03835177026,524173.63083431934,0.2,4
-17.32373334241833,97.1161736811375,69854.58273405329,369277.18151419424,0.2,5
-14.620279083447006,93.65104785172194,78496.33616594187,356571.687241934,0.2,6
-0.45112315557031657,89.19763993739967,69091.78650845717,356668.56009461085,0.2,7
0.7656724155299344,101.81299816675008,59092.52669816492,231046.70882303338,0.2,8
-0.2729677034246709,115.84897794422383,60350.68913038204,199227.12621914412,0.2,9
14.070366078495077,129.34651767220123,56534.37223736803,205441.68852931334,0.2,10
0.9122807196728964,123.1307030694958,55756.039243410785,144357.8950858694,0.2,11
5.835189242617064,124.67592191563708,55759.04124358499,201260.61566235987,0.2,12
8.756805542578547,132.84958773493346,54399.27449313418,132011.93129802286,0.2,13
22.732155998616662,136.54315879663704,52763.31843932862,146448.6275102937,0.2,14
16.095633972651225,152.30890467842812,44855.38618920839,169128.43467021425,0.2,15
32.59856882706212,154.78146277492505,47238.92065777403,136811.7167741718,0.2,16
34.814221848413126,158.6380236030327,46290.22970396299,118630.85294937028,0.2,17
39.167024246928335,150.48288977378758,42274.889748810165,105995.01620521228,0.2,18
31.279123048508232,153.4960044138191,45073.07674767918,117141.0578216117,0.2,19
30.37240001489718,171.503400529378,44681.22095917118,124797.26712069551,0.2,20
46.9906146742111,192.55878795902044,42697.77111367842,100072.34910688385,0.2,21
54.22989961246889,191.4275084786692,41936.04008468416,100656.50002627575,0.2,22
53.806250900560244,193.5668917442216,43525.04707036116,105429.84482321871,0.2,23
48.05280580663215,177.2429923066373,42555.799117042,114806.58310574631,0.2,24
68.83128891072036,210.90285174474602,41579.896539107234,95043.25048972393,0.2,25
55.943014863611154,211.56398996730647,40616.97541624589,92748.68252252694,0.2,26
62.61870890925956,210.8754544521495,40362.860620212334,81787.34281793378,0.2,27
73.28158035055804,226.20358177825995,36680.861683881194,92714.22203057093,0.2,28
67.89013728694202,214.20084687631436,39515.802017835595,77784.93096350224,0.2,29
95.9631103493582,221.27265059096237,38099.365458527966,79397.45755878215,0.2,30
85.5633289938279,241.6741747325307,37497.694761532104,81579.12388054964,0.2,31
99.93757971868146,248.57448854617354,36830.68894351786,84312.63890469773,0.2,32
105.5741653522414,220.75338379362256,36411.513366055326,74101.40437000268,0.2,33
103.08427442177347,239.4711352997895,36648.32250316254,74417.56652309046,0.2,34
100.45300071998089,237.74388722143445,35737.246809524484,75092.66658806121,0.2,35
101.17062597763837,250.58392384153933,36587.30096709558,74683.05900501582,0.2,36
107.68720000327357,259.7681316786394,34470.513129394436,76542.30927607843,0.2,37
104.33281110271467,249.67936486923335,34325.45026082068,82439.53332798615,0.2,38
86.66801429004056,254.98704159412304,35193.87864249302,70270.92895939774,0.2,39
123.53976740115745,257.351610676888,32829.221418558,61856.235780201314,0.2,40
129.44874935923946,276.49383600326973,33394.048185814616,77768.48140439538,0.2,41
130.20092397256116,265.40943525653194,33661.11521015902,67932.07557834907,0.2,42
100.80510144559884,284.26278750500614,32642.991948834315,78261.0201625205,0.2,43
148.44430723936296,278.19242507730416,32742.977831923003,63775.368559335846,0.2,44
141.64175395423743,272.35647570676474,33008.46630179913,68772.63590179534,0.2,45
153.0046746774952,281.89890250331337,32684.69244269026,64604.03360896882,0.2,46
154.92296829009,274.2030895769826,31762.82892612732,48767.59642760806,0.2,47
139.63905390252668,290.60849599573874,33417.05368272399,66242.31084557225,0.2,48
137.21526184185814,285.1501168251658,31326.844620588377,58168.7368722216,0.2,49
143.3056819368467,283.66214314757497,31743.07789330613,59899.084170782786,0.2,50
175.041367589548,290.32871999585507,31036.406943835365,73659.91829692373,0.2,51
167.21747420218563,301.0590511056473,31425.4071632863,58939.10557160152,0.2,52
153.26107059622237,300.78951125355513,31646.36174328084,49984.638732988016,0.2,53
181.4347857843916,307.6832866353785,31196.42222608729,46294.506261747316,0.2,54
165.63561491020994,304.90391674565626,31295.459094316186,61971.80354564352,0.2,55
192.32526111798887,317.7291389518589,30923.795568390968,59585.25687509066,0.2,56
196.134457269602,317.16176268315917,30699.2753423232,44534.03289628527,0.2,57
162.78666100642928,300.0378894520114,31292.28050755974,44813.91276632097,0.2,58
199.86334060407404,331.6377053678282,30442.60766839786,44183.27348250083,0.2,59
210.11357243741514,310.32342263290536,30539.917680373856,44735.22424901848,0.2,60
201.96383725475238,331.79391954513517,30592.35321266,42802.24711133584,0.2,61
208.38723066435827,327.0012634055846,30380.42888281684,56417.13541030471,0.2,62
223.66762965279037,329.82683217202,29965.509640498458,43049.867581602164,0.2,63
202.9031752530123,326.73947140572307,30017.24629285373,43635.70438740524,0.2,64
219.88918328417367,338.20809037762695,29843.148755312905,42962.14315695274,0.2,65
236.71139396252394,334.1991950489039,29882.147745512066,42917.78871653817,0.2,66
222.2753152067593,327.3227118478925,29791.96497450287,41381.53364336118,0.2,67
243.49900837677166,341.40227453047305,29739.07621678071,40304.44305715616,0.2,68
241.13109232699026,341.980112196557,29754.000914947203,41053.370568332335,0.2,69
239.10772409825063,329.8170601645471,29954.641927638175,39943.05197037134,0.2,70
260.75669104724534,339.3020791367161,29733.990844603257,41130.270378477864,0.2,71
259.093496468317,337.25164745727443,29733.990844603257,40376.30156741397,0.2,72
269.1913594459396,334.1991950489039,29733.990844603257,40112.845189904176,0.2,73
272.7400533170004,334.1991950489039,29733.990844603257,37937.67517407772,0.2,74
280.2753606736653,334.1991950489039,29733.990844603257,37705.201398199155,0.2,75
293.3790401182616,334.1991950489039,29733.990844603257,37705.201398199155,0.2,76
297.3341808070637,334.1991950489039,29733.990844603257,37705.201398199155,0.2,77
324.19490917175375,324.19490917175375,29733.990844603257,29733.990844603257,0.2,78
-9.819317509103104,27.04569673273705,132109.70867403896,1325875.0610661032,0.3,1
-18.629411501750685,43.085119424129765,114622.45200100826,733989.5754452366,0.3,2
-15.560382151440132,60.53868392131908,89040.6498025855,439345.9146459528,0.3,3
-21.321314266398897,78.87371958915988,83970.14564060638,382616.23919321113,0.3,4
-3.2252802889446475,73.55558383007951,73086.07187990277,291891.4295215848,0.3,5
-7.015558865512771,82.47535600172085,70496.01399898241,213469.9836949542,0.3,6
-19.930881283886624,96.10331378790556,62602.694609942155,281662.6889494902,0.3,7
3.02059989774302,91.74954291549832,67302.57460905933,208158.79445086487,0.3,8
4.779028552371397,108.3554376339111,59137.5745406763,182473.64912152023,0.3,9
21.92053451156606,102.09702311424844,59928.150429690235,169007.86891325883,0.3,10
3.8466528317739357,123.88741811731055,54803.67400386013,143213.79944054506,0.3,11
20.427932720210713,138.75114091388164,54993.1362221787,174745.357563039,0.3,12
14.588632744670294,138.6952092466375,52800.970270849066,261583.6950409624,0.3,13
29.738710771761088,145.19943902548664,52024.40270832063,201600.47596879155,0.3,14
25.19580178908234,148.7999746869591,48899.871100942786,128216.78093474028,0.3,15
37.745629169292464,145.5644578277026,47646.394922300955,124560.9497284209,0.3,16
38.29316928173129,145.42463493170436,42375.11885715171,126184.19014862058,0.3,17
28.352853245890653,156.0820640901969,44479.037676674976,122279.45040663847,0.3,18
31.299652978266323,182.27802460187155,46695.839237901964,105557.27186965279,0.3,19
28.554600209936687,161.48279459942086,44031.8483274457,111472.53827777883,0.3,20
52.86449951233452,198.04358180714448,44679.44537910554,102965.85117894204,0.3,21
48.40763172337395,177.53004059968666,41559.46454695626,113654.25642754303,0.3,22
53.828939227871786,172.4242877868978,43130.55778544615,110400.17224971378,0.3,23
47.69095593581845,200.55894600357573,39853.506812828055,92949.56565165972,0.3,24
70.19549806747006,199.05784202278892,40037.62683864521,117094.87409902677,0.3,25
44.78311292231013,249.51127343694841,40455.31737611827,92522.03515093352,0.3,26
27.51704293193185,219.17174210122397,38524.61134973046,99573.68807145862,0.3,27
68.46337289628492,208.498976836162,39887.691763702525,82153.14610149659,0.3,28
79.7626167938825,227.7993551391495,39401.04974551122,87651.19142838665,0.3,29
74.7029949158271,210.85624968949185,37695.19189756409,85355.43042730416,0.3,30
63.596649801164816,230.56869527955365,37633.13578882164,79640.72733455908,0.3,31
94.56354739045412,234.23251421045146,38517.1672969344,94937.24662574717,0.3,32
77.56670108687746,224.28069182128291,37299.4233027998,83239.78732871995,0.3,33
103.56854853603627,256.9348792610783,35831.079010628375,84635.52507322552,0.3,34
73.61117637540396,236.5089675859759,36329.31992361205,86381.56928440416,0.3,35
79.07649425248806,234.8210325241241,35570.11452203334,74810.40173071291,0.3,36
99.10030431773993,247.18054046189098,34698.71898324731,74153.57487728557,0.3,37
94.1840185277211,247.3317854779542,34271.055931019204,80906.59173293473,0.3,38
119.21356779965457,251.91555697992158,35264.92494709597,66965.68229179017,0.3,39
103.09594229972123,272.4301948444004,34094.596140751986,72362.57079633119,0.3,40
115.57973438164458,274.9997742420695,34401.22855523304,72905.61184650635,0.3,41
73.64644061606347,271.9469654133119,33041.824444128695,71873.72581119633,0.3,42
122.26374991503074,284.0913184929682,33718.14249761872,68084.87215165584,0.3,43
152.97753618769923,275.8093936148548,33432.389431155454,70974.4571233185,0.3,44
140.5822113540137,302.5355117017026,33664.79471225853,67160.07420597994,0.3,45
137.47340795274047,287.273599069723,33192.98914525886,63447.111235851764,0.3,46
138.85818903652853,284.51906444341614,31738.10010364274,67628.4453451163,0.3,47
151.55074612458506,294.17485952674156,31059.914456398492,61165.419204447215,0.3,48
158.33369568244413,302.82077340353896,31815.82351662803,63680.324749209336,0.3,49
156.26947197337805,289.4391147753016,31942.826300498877,62531.31310920928,0.3,50
153.65784099204848,307.4195565298036,31674.691070486308,57678.42776924933,0.3,51
162.1694280404737,297.8682966257771,31478.409096696778,64389.387369434015,0.3,52
157.10405869604685,323.5239766920346,31373.887902163307,58626.78545097833,0.3,53
186.55039618230444,294.5069292505451,31016.532779552894,66229.33511741163,0.3,54
165.77300740969392,317.99503904490825,31379.553082161685,58328.415778092436,0.3,55
164.13767783955024,304.0064839699605,31397.26228188712,47899.34088699673,0.3,56
183.11662351197782,311.64977789604075,30681.506686444383,55171.487288433615,0.3,57
195.41503009910932,313.4197285675384,31039.623218550474,46513.55459830323,0.3,58
201.00519747548032,328.5076822654619,30531.634473172362,46336.13183720244,0.3,59
203.08397039813394,319.666792193701,30360.824727932617,46052.60492730358,0.3,60
186.74020391043246,310.78635327649476,30656.277997326262,43147.50551379958,0.3,61
214.6714036963273,323.10326679714524,30160.189483539925,43145.21878657724,0.3,62
197.68046378293798,330.39606241114916,30133.250767920024,42611.497284119345,0.3,63
216.30212535484873,325.15278300151795,30095.50683191058,43486.83997110012,0.3,64
204.79009873040025,328.0495307194111,30019.54779964345,45765.403842036634,0.3,65
205.116052957641,328.2499949226402,29905.61594916489,41031.8805693461,0.3,66
246.58292716581568,327.763347700714,29974.013055932563,41369.00798948721,0.3,67
221.9759315712508,334.1991950489039,29824.87512905137,41394.34808991178,0.3,68
249.09801104862385,338.2542807997904,29904.773216549052,41587.0731639117,0.3,69
254.311957778048,337.3269977250426,29739.07621678071,41677.071180582214,0.3,70
244.90567581100987,338.3498221221024,29733.990844603257,42714.95410575451,0.3,71
239.3530102297332,332.5920653538651,29756.875553898022,40824.98887596857,0.3,72
272.43349202039985,334.1991950489039,29733.990844603257,38495.358152974826,0.3,73
270.54562246896535,334.1991950489039,29733.990844603257,39313.32662507388,0.3,74
284.0900598743434,334.1991950489039,29733.990844603257,38540.870424843924,0.3,75
289.90936552180926,334.1991950489039,29733.990844603257,37993.68933361295,0.3,76
297.3341808070637,334.1991950489039,29733.990844603257,37705.201398199155,0.3,77
324.19490917175375,324.19490917175375,29733.990844603257,29733.990844603257,0.3,78
-9.819317509103104,27.04569673273705,129420.96885382292,1437447.3808283443,0.4,1
-12.456708733684042,35.74841420643985,113014.4279833435,588266.1359578334,0.4,2
-11.546885781225788,47.880384674788374,88786.65026009135,568266.8694013049,0.4,3
-5.459388245395706,54.33253464059675,89234.09429975029,343639.8905003633,0.4,4
-5.7611574161859025,62.28797920443396,82291.49441273099,447728.1821628061,0.4,5
-16.04345127338138,88.94129724414151,72830.4284083191,301844.33823059703,0.4,6
-20.063614854531725,86.6733722491391,68705.01643780868,236077.35490717355,0.4,7
0.7909164878939734,82.78533042489134,58212.906201000136,205332.00518691636,0.4,8
-14.05674508758661,100.93753027432365,62160.90314874473,248967.646979025,0.4,9
-0.6688771076403466,107.11799145361623,60718.47522734774,177295.3762681267,0.4,10
7.557879407731537,112.94874661042246,54964.98669113965,149283.352926137,0.4,11
-1.7132885803572595,131.9255115119956,54329.938697973026,146875.3627392734,0.4,12
32.70185953842797,144.47686357713488,52386.33089669879,127356.32438552253,0.4,13
10.767874585570052,143.5347183434653,50981.456055843206,157028.39896841033,0.4,14
11.542538556633605,142.556787323643,50300.6418771745,152745.70388378692,0.4,15
20.6988518596417,145.11709026281164,51608.20106885875,134445.19205476597,0.4,16
41.71021838932443,163.77865556873067,41955.955894813706,114247.49479006196,0.4,17
20.161501694122343,177.05741603266677,48576.1458386112,130143.91827683894,0.4,18
42.950652046079085,179.2467719021296,46857.52774209215,93807.05047342833,0.4,19
37.73081839617994,173.63013845157792,44242.23575574812,115324.8588877239,0.4,20
47.81982944884432,228.51371679557622,42988.916586038205,115294.157712767,0.4,21
57.26487892699322,180.4140389936935,42520.29014970056,117065.29308785395,0.4,22
39.88713339781231,195.90991210205235,41893.014294791465,100689.74502309784,0.4,23
52.13243275037044,186.8147928408836,41291.57043350207,95299.74560703273,0.4,24
35.18922943853606,201.51396845380452,41571.60149852697,95427.73245105783,0.4,25
56.569696586721,204.78680547196598,41873.95560579073,95659.08690826542,0.4,26
82.88974403064562,215.98378563763143,38709.305193569366,91636.5852763319,0.4,27
82.78941171298132,214.24206658556665,40525.7119168529,84139.31116486248,0.4,28
70.57285798093656,214.2528139919401,38717.01684907787,84317.49108900683,0.4,29
80.55628187760959,235.00687947209983,37803.92606219226,79227.17749195524,0.4,30
71.07280330916288,222.51901713701307,37841.12441105128,88858.52504292801,0.4,31
93.2802018513346,230.74830757850515,37302.90843380987,78877.87222343209,0.4,32
78.02607932183767,254.17270037864145,35980.867032684924,80600.02149297862,0.4,33
83.42069680999951,243.76337903173888,35326.94527556331,96858.35024697433,0.4,34
106.06824874350039,230.46187811328625,36379.442954979844,71316.96118040835,0.4,35
91.83715720595453,243.63074389955418,34465.424795380684,71330.51565778154,0.4,36
104.07813857032444,258.0866092270764,35048.30380808167,81818.77703494756,0.4,37
90.20232932555044,251.89165684752936,34260.566289120914,81559.37126808618,0.4,38
104.90564437361893,253.63768908766718,33807.44867500544,78107.42087693569,0.4,39
104.29931029640005,307.8687125399156,33695.589592393466,70265.7144294611,0.4,40
137.25284316639605,270.2978076271655,34331.942446284775,65426.82754987537,0.4,41
129.13261073115166,277.7118949330205,34395.68818420114,68032.20580504058,0.4,42
131.97655226899292,255.5906449445881,32779.72708903583,61852.78250715586,0.4,43
148.12393470855807,264.89314262366645,34108.13543210783,69717.71213340176,0.4,44
152.35767535907846,278.51016393073724,32356.340963723218,68015.08359867411,0.4,45
140.67720157397625,293.03614602749303,33671.992758822766,67952.24329780936,0.4,46
133.627532885344,290.26218868085436,32384.204241379113,62612.435696710236,0.4,47
151.68082430278233,326.51110877683027,32785.26880820166,63442.1645907568,0.4,48
159.12838537631592,300.7187705816865,31772.4219791645,62229.40886772433,0.4,49
146.38045610528715,315.70061002307307,31938.114856646145,56892.8673251374,0.4,50
150.3663416867783,319.949873129961,31210.003078637586,48790.026825851935,0.4,51
161.48334045249223,318.927066594929,31088.51147584664,63370.67479246944,0.4,52
166.3771855330977,313.34802322861844,31616.638217624924,47690.68334419476,0.4,53
174.85581072792473,297.1545150502626,31414.105374950446,55785.24733846252,0.4,54
192.8199480687593,311.83910857941544,31162.943012601445,65957.98062141943,0.4,55
183.48834286052502,315.7406256345015,31040.874949211386,48135.75335282712,0.4,56
203.46033688474998,310.3846889328254,30873.28616169027,56329.595611183555,0.4,57
189.32406178432234,310.0584320673121,30834.72944918023,51155.66268502306,0.4,58
190.85021783230644,319.1299624018204,30000.6249615669,43867.76344460469,0.4,59
198.61040375876757,319.6488649029675,30383.327944321158,44487.241648222865,0.4,60
210.83314482453477,342.3617009657927,30109.33665226585,54793.42997617359,0.4,61
196.77233640941103,337.0581895108046,30321.974509831707,43895.62782377247,0.4,62
208.32489091551116,321.05786695229915,30124.324256926622,44483.09835925423,0.4,63
221.95416409102688,331.1920718290535,29895.84301099382,41779.53991629225,0.4,64
220.15429543916795,334.89378010269854,30076.53589730027,42325.91746012029,0.4,65
220.83998574277186,323.1325601232453,29860.608576936007,42164.775937735554,0.4,66
227.83400769634045,335.9919547675265,29965.580965633202,42662.82635305718,0.4,67
247.28287592536836,328.74411577320575,29896.03317808323,41602.26717034165,0.4,68
231.17158450769182,343.0924163371848,29900.716231242845,42614.1689777918,0.4,69
237.93065171837804,336.42660301927936,29929.715863426005,40933.46187377034,0.4,70
261.3377145229483,339.92609652049646,29733.990844603257,40536.90628652908,0.4,71
261.58077094039805,340.03996392881413,29763.314162371204,39024.838689660086,0.4,72
273.402715299565,337.25164745727443,29733.990844603257,39653.596667070495,0.4,73
274.99073597259564,334.1991950489039,29733.990844603257,39024.838689660086,0.4,74
274.95912016540467,338.2542807997904,29733.990844603257,38473.07129622358,0.4,75
290.7019219831717,334.1991950489039,29733.990844603257,37900.9264170219,0.4,76
297.3341808070637,334.1991950489039,29733.990844603257,37705.201398199155,0.4,77
324.19490917175375,324.19490917175375,29733.990844603257,29733.990844603257,0.4,78
-9.819317509103104,27.04569673273705,129420.96885382292,1437447.3808283443,0.5,1
-13.055447696788107,43.23947723771232,111046.96816035137,733989.5754452366,0.5,2
-20.930877051897994,44.0471823034961,103826.5650001733,382890.364160613,0.5,3
-2.2362319316946033,57.5509602261738,82319.0059969541,442164.92250758957,0.5,4
-12.789576986328019,74.53186254867002,72180.04103134369,276954.4770898862,0.5,5
1.0635138346346693,110.72421830822884,61638.137532494344,227093.4755121674,0.5,6
1.4704518312722614,81.91837471625881,71191.69532122563,267836.00357108033,0.5,7
1.8514754591618772,109.61819425573783,58218.55099082984,268393.72096849116,0.5,8
7.427353145617133,112.19379504807611,59063.88469365508,219666.2536089843,0.5,9
7.453934163190858,100.61733057406035,61020.861846862186,161994.14759854524,0.5,10
-7.53912226418468,122.85363767560013,55621.05492726949,192785.31465953475,0.5,11
5.346312955114622,108.58794687890217,54255.87451683584,191956.19196194396,0.5,12
12.10101017849543,134.65366812049692,57162.535604163684,175278.29225334365,0.5,13
22.991139037842697,129.59516312865154,48431.76238709493,128818.19539809266,0.5,14
9.26566741285166,141.54667865691246,49663.6383938583,129122.78541760231,0.5,15
25.15395287812601,165.20540203398193,45813.76906707937,127884.62679736734,0.5,16
37.6514593616569,157.52319970011018,45507.576826436976,115376.53187221171,0.5,17
45.14890961814403,164.10640862499696,46801.57362504682,112424.89248529871,0.5,18
39.73655264925687,160.9646996694054,45623.94157925042,121768.35540319474,0.5,19
40.24798915199891,177.0346691691597,43752.96930597611,112613.39474195642,0.5,20
60.30638128628853,216.9872312698318,44170.054083659095,114934.27708640278,0.5,21
54.74437969827045,203.49586366755537,43274.55841337462,98959.75542090827,0.5,22
53.45684717887964,184.3520121174668,42002.585657078824,86497.6919645266,0.5,23
48.102267583064815,193.58695287018693,41797.06888115673,95330.28873441045,0.5,24
41.72427510235089,211.7501317346393,41025.53665544718,103850.56350842935,0.5,25
55.72211714770911,190.26100593278022,38857.512655085855,94723.72622668254,0.5,26
60.28685249218097,203.721664412443,41923.80517782313,85785.34801268177,0.5,27
84.0524348185984,261.41813213969465,39502.98657555314,95811.2696294054,0.5,28
74.3067034921464,229.00884026138058,38610.107074475476,79975.79743426507,0.5,29
66.29095356876091,215.3666441975515,37796.91887731963,83501.2213529824,0.5,30
68.1871993900042,241.1529222996708,37140.36746265701,78737.69330314534,0.5,31
87.82419370936557,225.22707571253827,36037.618378745756,83459.72794240544,0.5,32
82.7708234039071,240.720758549194,35983.2407764463,87895.99848668835,0.5,33
85.95752372674347,239.04914747841823,37048.092153143705,72834.75808156314,0.5,34
95.33404726297779,245.14959030623334,35992.065115940226,87478.9786163043,0.5,35
101.48264424496689,227.69499784647974,34243.3599265054,69467.16476972919,0.5,36
92.94771419411961,252.79453758116932,35489.00216297166,87211.15403973669,0.5,37
100.03920704144491,259.4764695925764,35156.19104605642,72350.98272389772,0.5,38
111.14497105565638,271.50439318516476,34074.20017302572,69637.17891112642,0.5,39
105.95002119233806,270.8389854458633,33412.89268806049,67823.1456529807,0.5,40
101.7509444694605,289.0574189495528,34838.37320887063,71802.08298748166,0.5,41
109.93028096468998,301.3875205205801,33919.07872039112,69050.83428357795,0.5,42
124.29202569433453,297.7238666435594,33006.94523888508,80503.86577724016,0.5,43
121.0343210489902,298.1917585893943,33904.548829656276,68807.7880576757,0.5,44
152.8219360104158,281.1448829509504,32621.008213662528,64771.454167138065,0.5,45
137.26693538469712,292.0540854632105,32556.855851286004,60066.426687468214,0.5,46
151.9387906688743,320.8990892192361,32778.68010541048,66771.11489773064,0.5,47
155.16610642167157,287.0476814584583,32373.01105004476,63204.65775385923,0.5,48
141.1658819643466,310.1034721406345,33041.07907543337,66203.61382834,0.5,49
164.02071867267375,308.45269381123353,31977.792136497017,59384.883945648886,0.5,50
167.78453771711236,305.8182840126568,31998.489777701787,56850.699770220956,0.5,51
170.1457868684702,294.4756047796376,30932.380613647492,56522.285280481774,0.5,52
166.93913104480805,309.34826331259796,31407.13338619629,49209.8877506503,0.5,53
165.8799694325466,316.12801334050664,30968.566484989635,46809.31079293159,0.5,54
152.83713829568995,333.44075426253687,31021.228164447362,47338.01383110845,0.5,55
171.18507586532752,305.99491583901647,30745.91990836381,46794.08494772467,0.5,56
176.20825735866225,311.2229601499736,30938.04385582426,46525.45555520777,0.5,57
180.37876150602045,323.77986648883245,30793.536797786488,45554.79693585811,0.5,58
198.79868897535405,319.5644890190051,30712.137568142938,44191.846731624435,0.5,59
205.15138310947057,311.3224170166944,30276.92145248281,44166.01933501916,0.5,60
197.75339167028207,321.3855393713367,30264.33281175939,42303.018491072304,0.5,61
213.13216957802803,337.5067469560339,30469.573572514906,44444.49747002494,0.5,62
210.91081303380292,335.46301034182784,30023.187721446247,55905.2201889717,0.5,63
203.51305253577942,329.70276691810943,30193.945213085542,42389.24199542733,0.5,64
233.81381923360232,328.366512263505,30143.55052509625,42131.42106838308,0.5,65
240.25939629598076,324.7307871594237,30064.68608297381,43623.98708946917,0.5,66
243.0939223081282,330.82946551453585,30135.607604899767,42920.055840986446,0.5,67
240.87775905408412,337.4732506945942,29994.649302040358,42756.249895990506,0.5,68
244.2240649542068,329.08275936906796,29778.2388605377,40605.15381343943,0.5,69
252.8417587334947,335.1220481966034,29763.314162371204,41091.97171469241,0.5,70
245.94032927456354,346.96559619133063,29763.314162371204,39810.43172382718,0.5,71
265.3570167625378,336.83658627348484,29733.990844603257,40031.471229238254,0.5,72
268.11558508779785,342.06423145859503,29733.990844603257,39999.778585986634,0.5,73
272.61015883820244,334.1991950489039,29733.990844603257,39557.13195272534,0.5,74
277.56578070235594,334.1991950489039,29733.990844603257,38220.48755647082,0.5,75
292.2736139396301,334.1991950489039,29733.990844603257,37705.201398199155,0.5,76
297.3341808070637,334.1991950489039,29733.990844603257,31053.628136064188,0.5,77
324.19490917175375,324.19490917175375,29733.990844603257,29733.990844603257,0.5,78
-9.819317509103104,27.04569673273705,129420.96885382292,1437447.3808283443,0.6,1
-19.00464782305174,33.19536106222986,110106.22170565189,593907.9696846628,0.6,2
-27.211373387431443,54.125042984543995,97690.51016973931,484227.7838963362,0.6,3
-12.909569075423164,67.06897000827735,73907.07199485556,355905.9007794453,0.6,4
-16.946999321092612,73.6551648012094,79052.42999303811,309185.1949602682,0.6,5
-15.192189271553492,80.73594230654393,71914.84275246918,253661.20814271685,0.6,6
-6.252187892604198,90.92967355616446,64225.64615918854,230830.73840782084,0.6,7
14.503691587658775,109.89454528019485,65698.66972207569,186057.9401839755,0.6,8
3.387986726826104,119.98656566761886,59133.58652730984,220771.33660454463,0.6,9
-3.375816792678733,117.27210582381282,56521.965532613794,161344.48090271375,0.6,10
8.893637659571834,116.24838599550998,53753.64781521787,146418.5068607731,0.6,11
-2.636286254081325,125.50247636863891,53899.41520051096,154964.4371652653,0.6,12
22.74631413224065,138.0895637648807,58722.492010552836,146373.2262272953,0.6,13
23.269214539731454,135.705340865501,52813.7440148123,212135.75511070873,0.6,14
29.04824762931696,144.5354634583,51989.88268120896,131747.26260754204,0.6,15
27.040663453023214,141.846799708013,51388.36514510662,106562.61292553005,0.6,16
30.823956398545292,159.91217069053374,42549.320007024246,140414.7286541845,0.6,17
24.211157962230075,171.03444659621132,44563.654223404585,135317.85698217008,0.6,18
46.45043777033585,161.19430682205143,43849.76673874582,107570.2722218467,0.6,19
21.98141780140603,193.69615035898974,43368.57415140038,109706.22816112747,0.6,20
50.30695776312288,210.88400833687373,42638.87505280957,126847.241608542,0.6,21
44.5241381865042,177.987719017884,42441.75428402387,95819.40044829292,0.6,22
47.513397016554805,183.09380632459352,42467.59546600634,94458.41539281393,0.6,23
55.57166471856533,235.99394029683535,41199.410348219346,93982.61063205037,0.6,24
68.68368011351971,201.80011527068768,41021.990159344845,102985.81224632112,0.6,25
57.27345619571159,205.34943642904932,40170.86548566909,104996.76251666581,0.6,26
63.44289678142212,191.8845562936456,39619.19430237382,100137.48845047757,0.6,27
60.35124244909686,228.6415164892147,39375.08251853106,81956.84325005603,0.6,28
68.14261203197788,213.70373359641872,37984.964438923904,81192.27603248486,0.6,29
76.23165872371767,221.68941150140296,37973.43791869567,86989.73128972403,0.6,30
88.88656322571399,259.07189694509225,37351.27364398559,100865.61550685058,0.6,31
79.19817191256809,242.3786881751685,37776.90849778433,81354.12899545528,0.6,32
94.33498159936931,233.36860627682194,35861.68731342729,79997.41116182019,0.6,33
84.68826192503671,242.31856819203097,35646.147200754785,95378.50486361096,0.6,34
100.79448677656981,248.18682932499516,36682.71282070322,78248.1502540299,0.6,35
108.53203543538469,250.3440382973639,35032.84729429945,71474.92503936694,0.6,36
97.05233760906637,247.72739578607164,35795.93650197946,82899.44710066689,0.6,37
116.67381424054997,234.03087920148243,35484.77026823739,73082.36475265499,0.6,38
118.82341230985844,286.8949625558064,32857.29816412509,69220.77119509628,0.6,39
132.6255375024594,268.40886794999386,34505.048393514866,67972.48378495927,0.6,40
120.67219396368588,267.11842005606263,33793.506770116015,70743.29134600563,0.6,41
130.56369701946556,282.73176889308763,33509.730444208646,63128.793658411254,0.6,42
125.92957976428511,275.42507861425764,33441.2543599421,68936.60228812441,0.6,43
126.25930078115519,286.0977228998197,32760.434854158982,65613.01728858278,0.6,44
125.55042498744871,298.7942345859151,32298.658880717776,66634.47159466862,0.6,45
129.94370835478628,266.48219706343014,32204.343734167047,66339.23778375148,0.6,46
154.07415623782242,279.64425474043844,33475.1024850171,66282.10323988041,0.6,47
160.75449348458645,282.71463593042955,32154.33306689611,63630.62527404602,0.6,48
138.73680333484933,282.30128501426714,32947.85179565654,49604.628132079284,0.6,49
151.49714699949163,294.7283974114255,32253.404569463248,48649.30612097669,0.6,50
159.42923125436175,309.35347320788765,31974.73160433801,64579.25125324405,0.6,51
179.22650134637436,303.5535248988606,31087.343204810404,50793.859232631294,0.6,52
169.05012163974664,311.6451436029115,31604.2829290611,58853.857472795535,0.6,53
162.6545818328628,309.8197698910292,31211.194806123665,46940.09851541943,0.6,54
195.35029758232974,302.174741212968,31183.539831871858,45027.679348193684,0.6,55
183.88968693178356,319.5162220823962,31321.643418686093,48408.32311337465,0.6,56
180.89957345384227,324.7305075691618,30684.848790318716,43220.86077976127,0.6,57
185.9102008191542,320.19738477572366,30828.683656231493,43485.8563385629,0.6,58
200.40351969721434,316.19247796977425,30936.090934026455,59108.01125327171,0.6,59
191.36432846237943,324.7735676886718,30372.35588946476,42600.680312398945,0.6,60
205.54264518066154,320.78511518425387,30666.724950466236,45824.50820461193,0.6,61
194.08043880100752,331.6195918906426,30099.276984169723,45093.638177416185,0.6,62
195.89329526308933,332.2088636146524,30306.463151671138,43571.694634106294,0.6,63
207.26016206140403,333.53854609063865,29865.64265978975,41725.60448478602,0.6,64
223.04184956858015,328.2499949226402,29973.414142532834,43773.2176300846,0.6,65
231.46820677075556,336.43269189407295,29948.87645867279,41907.289293045054,0.6,66
229.4390923133224,333.7769196165476,29806.1029141567,40240.62488235402,0.6,67
236.08341200121828,335.9484172272721,29810.253868179145,42776.8418394355,0.6,68
234.52975172521613,334.1991950489039,29733.990844603257,40432.40394537134,0.6,69
245.54878635949768,337.25164745727443,29778.2388605377,40826.97364317236,0.6,70
255.8676651080462,334.1991950489039,29784.89979360734,39057.496337125915,0.6,71
266.4110067595524,334.1991950489039,29733.990844603257,40209.05750763341,0.6,72
264.5093319822288,331.39798865332284,29733.990844603257,40179.1602202948,0.6,73
280.334753280213,344.4220988131709,29733.990844603257,39940.39757874105,0.6,74
286.90761949755733,334.1991950489039,29733.990844603257,38285.51126474227,0.6,75
293.276966712932,338.2542807997904,29733.990844603257,38179.699121507234,0.6,76
297.3341808070637,334.1991950489039,29733.990844603257,37705.201398199155,0.6,77
324.19490917175375,324.19490917175375,29733.990844603257,29733.990844603257,0.6,78
-9.819317509103104,27.04569673273705,132109.70867403896,1437447.3808283443,0.7,1
-18.293485827317056,42.443127959467546,113155.11157824924,1039873.1182217206,0.7,2
-10.737505709986902,64.33298640693344,91676.75555814055,606172.8995447969,0.7,3
-15.794342804849679,67.57832718135766,80533.97757607327,458590.1713237762,0.7,4
-7.888214031604258,75.07249894408515,78075.99542713484,315924.5751874346,0.7,5
-11.000796391803775,81.19264888677817,69369.47392697616,245442.89813609963,0.7,6
-16.391201231005173,97.22375647647038,65595.26058544253,302352.33882423607,0.7,7
-16.933156945332563,103.35295779032623,60547.2444677687,207129.65108793273,0.7,8
1.7450140343466316,102.21880280412324,60608.702778738174,203250.7750383119,0.7,9
6.754919751779349,117.76769219375214,53764.34760982991,164758.5047513682,0.7,10
10.624603514336897,119.54574205311015,54612.47861181579,208291.91228566415,0.7,11
7.567034675812678,116.22522407566296,53924.72326053672,172906.78883212223,0.7,12
13.314800677354768,120.1820678422765,50098.31611505432,183445.21336070562,0.7,13
18.03169320531175,136.96364905129155,50518.63944143646,127410.19356504496,0.7,14
33.290061864098725,146.26595331715396,50629.569152653996,141683.54898534092,0.7,15
16.857289363005677,148.78649301280439,46257.253394596264,123056.53762620625,0.7,16
40.85611161329882,163.07779704884803,47201.2040913754,111166.3424829084,0.7,17
43.34993603552465,161.69570691301436,46106.19003764078,111984.5860483544,0.7,18
51.13146385814036,175.65925518486148,44958.87981838529,123209.52812580427,0.7,19
42.966403921847906,171.1601133353371,44699.34196469125,114162.01855803268,0.7,20
55.388157980050835,186.68581172206078,42136.40793163655,114948.01584453849,0.7,21
56.84311197180609,187.77218735056368,45018.8378639223,100788.72727019421,0.7,22
43.94579934428743,190.26095839118474,43373.201914677935,95173.34552374121,0.7,23
46.14808097410814,202.28289893982213,42302.08607394919,97714.21018933569,0.7,24
73.2351894138203,198.34107157700728,41935.31860193849,90120.78343816115,0.7,25
66.2439267675159,214.1212237988314,41131.47656234343,93145.94338428219,0.7,26
80.635853744111,212.06987769787784,37289.835655443036,95302.96996924657,0.7,27
83.04158830556382,213.5525836783914,38475.85858076336,98179.39417103022,0.7,28
69.64670059734235,218.397643600392,37859.405331406546,97130.79562038317,0.7,29
87.82788323359136,232.94479116831945,37032.05404306779,95037.9926419639,0.7,30
83.67663937218937,207.20213350620907,39063.83721526639,77780.26012380069,0.7,31
83.82320173313437,216.6651553660501,36176.03822508499,77409.97950621367,0.7,32
80.07745926845644,246.19539268953872,36040.63918886726,80358.04486578573,0.7,33
80.47846666361137,236.9828056838357,35810.902899096116,84502.43719487307,0.7,34
96.41099891835724,288.61754244865233,37494.97517823904,73246.55401170148,0.7,35
113.46303785504406,255.5588525967841,34575.96894487107,70441.58324657731,0.7,36
115.16927919993125,256.8028756405714,34576.85807878419,76462.33918779546,0.7,37
109.11317388016671,268.0295955223021,35832.09504762297,66575.85911338753,0.7,38
101.36335034172157,253.74952749139888,34575.43477014188,76985.55216507088,0.7,39
129.31545094435046,272.90778945847705,34835.04993445169,63820.45734727562,0.7,40
136.99061722042046,282.60958814332434,34122.21728531731,67893.55643737188,0.7,41
131.82115473748263,292.38235954509594,33745.42462327113,72090.83297377099,0.7,42
134.1457368389472,275.81817424701705,33160.4079226682,77515.37096620901,0.7,43
129.07966686486972,275.32329805792597,34091.90016748383,70412.27740348323,0.7,44
140.61236140022874,276.4895436146818,32171.730885434274,66461.343424177,0.7,45
125.89318937483714,284.48684280300495,31831.428962187467,57132.823822542625,0.7,46
135.41680904260483,284.04417247806634,32739.414512562,67993.2221803548,0.7,47
149.22135430861,309.3411618589032,32090.404284971042,61571.76142062427,0.7,48
170.32527237430378,287.6428895193624,31292.746564285553,66926.02423877246,0.7,49
156.43205666249003,317.1822445470509,32231.218671575643,46473.08986773198,0.7,50
122.11709115460401,302.0388302677567,31622.093342432116,68518.63084166682,0.7,51
162.14127621731538,288.39262981603497,31931.317133925517,59432.020676092594,0.7,52
183.30849591772824,328.23185997386554,31423.367230459695,49424.09366925093,0.7,53
183.79879727917634,331.2807707165663,31539.633213717043,47935.858495128145,0.7,54
163.23087068281842,338.05062325455106,30805.246172231688,47801.94962576366,0.7,55
196.11585775638082,318.4979030378263,30653.919090134663,45522.0349540273,0.7,56
182.385179438068,307.86470985961535,31588.377901197175,46900.69761136974,0.7,57
189.1101306570711,305.00003209216493,30551.76581412678,55876.023984009276,0.7,58
219.506742866658,315.94533901389764,30526.8168844431,43598.496311831674,0.7,59
199.81218461498474,333.8819179229065,30548.206171498307,44896.64043219934,0.7,60
205.47024310203128,324.31544638537207,30394.1268569902,44095.81704486034,0.7,61
216.40501613105116,326.0390798486113,30301.632833863383,45841.35175891384,0.7,62
212.28305911586887,326.82508614776805,30033.066290623177,42553.941211579455,0.7,63
216.39298223769813,340.89167202437136,30348.028985913916,44030.490090073,0.7,64
206.23185036327018,336.96267347633045,29952.124802028397,44175.109830881745,0.7,65
227.054299216249,332.1046164702975,30020.30570705533,42773.9441116821,0.7,66
215.59281468040228,325.89748804959424,29918.58270683562,43892.339366893844,0.7,67
233.2968105329413,328.10051669379175,29999.188655765614,43806.02809056138,0.7,68
243.26527822914966,334.1991950489039,29763.314162371204,43047.67100436833,0.7,69
263.7805047756691,334.1991950489039,29759.727429861832,41110.77913859151,0.7,70
247.1205493686823,331.841327694328,29748.915542769748,39827.39299339365,0.7,71
263.9133636450734,332.5920653538651,29733.990844603257,39543.199150197914,0.7,72
274.2260933773572,334.1991950489039,29733.990844603257,38673.16596478478,0.7,73
277.0831862079567,338.3498221221024,29733.990844603257,39039.76338782657,0.7,74
282.10831533680994,338.2542807997904,29733.990844603257,31444.59543097616,0.7,75
282.7120922585468,334.1991950489039,29733.990844603257,38495.358152974826,0.7,76
297.3341808070637,334.1991950489039,29733.990844603257,37705.201398199155,0.7,77
324.19490917175375,324.19490917175375,29733.990844603257,29733.990844603257,0.7,78
-9.819317509103104,27.04569673273705,129420.96885382292,1437447.3808283443,0.8,1
-19.823603386253225,40.66443250795203,112598.45000507188,733989.5754452366,0.8,2
-8.201488110887603,52.956238632840716,85680.90651978533,386828.56828105054,0.8,3
-2.6911323104088147,70.63640154190458,85085.47415921783,414034.1423549349,0.8,4
-7.09510805403395,66.5759567283918,75605.8286483745,291674.7417464872,0.8,5
-5.040266513173913,101.52359028056267,79952.47203342376,261905.41039694066,0.8,6
-15.353185381482623,86.6490855167549,71115.1519538937,236949.75740252424,0.8,7
-7.059706542713613,97.57527508178302,69417.93883541737,200278.54788350948,0.8,8
-6.2634885303068835,122.84515203927356,58047.06018001958,230049.01473535845,0.8,9
15.689374066190277,117.2979220681396,56575.667531519124,192701.62440425382,0.8,10
22.266223761783618,115.84039249784082,54841.18648374408,172407.90704472136,0.8,11
18.94288800904418,123.25242898412269,53313.54071806668,145678.39421980828,0.8,12
11.495974959420128,158.92760985903325,55040.768731594726,145705.56756124838,0.8,13
16.072941747859666,135.38190507001627,53993.190855443354,140707.6216447328,0.8,14
-0.4042927659164235,161.2122111688274,50820.644944054395,114189.31325284891,0.8,15
15.15713081806542,142.51757267710266,50030.52178381603,114696.12912708663,0.8,16
32.173780379913,164.97097145956053,48525.062865703396,111216.73775915655,0.8,17
25.283808548305537,169.45578717806688,43125.87167129586,122765.8208256732,0.8,18
49.32604911606049,164.18442827452756,44616.96660619027,125644.96874537526,0.8,19
40.107903779646634,196.7165426708497,44915.76661665669,136842.0502134981,0.8,20
48.60008061483171,168.72566130393716,44211.39436361742,92749.71316279532,0.8,21
33.92424133593327,234.63543848151733,42660.46390003488,107627.78688484404,0.8,22
42.26927210873133,197.2176897944932,43551.08925348273,102752.15913173383,0.8,23
65.86434026006985,203.71419957216534,43116.39046056457,93616.09091253833,0.8,24
54.937088706325866,199.81338914553703,41284.56421498791,89963.60678527522,0.8,25
67.0087810141291,228.75010044564746,38330.99487143697,105922.47688566995,0.8,26
79.32950703161303,205.2480084859854,41004.64917721894,109105.39968762363,0.8,27
47.48945417118157,242.98272402078868,39694.484335033565,100881.14736133273,0.8,28
77.68243346896948,221.09641184567437,38931.92443934173,85133.08301323338,0.8,29
77.92286030557798,244.26529321735796,39449.50105279345,76798.84403346737,0.8,30
48.46751684699383,228.64717993945592,37021.13637745878,87535.28030981492,0.8,31
90.78591343786928,245.5604707485136,36310.88451235708,87535.94579307373,0.8,32
85.91651686328322,258.60286168331453,37646.76396160848,74796.63737403735,0.8,33
106.86755433481689,247.59731975867643,36626.18213390224,74392.27970056335,0.8,34
100.42159116515124,266.9923551395592,34999.310806866415,73118.9337587917,0.8,35
98.43449914075296,250.96508550396828,34869.80326221056,77881.45286227917,0.8,36
104.06334516213767,270.23246967983346,35865.07373562344,73655.70599468458,0.8,37
105.89423985314757,257.6792259804317,34921.43937489142,74739.73718298292,0.8,38
113.292778989935,251.31537275227404,35779.14604688942,68270.43445828848,0.8,39
130.56584804934644,280.38174396334864,34624.319373329636,69017.69385043408,0.8,40
125.17744650043934,268.5057129113959,33157.184286671254,69607.34083175163,0.8,41
129.2824120799623,254.90218478844125,33366.64855975168,69237.10505091787,0.8,42
131.28713482611795,271.4197609025646,33623.32275039619,65103.59625226387,0.8,43
129.18862156007484,270.74082593178787,33076.63650623684,70265.15415127887,0.8,44
143.69610688674436,279.0838827125456,32505.608026040165,65465.42226532249,0.8,45
140.54766816020165,269.5752607070232,33250.45135278488,72680.71722883264,0.8,46
151.35733923339026,290.4891865859318,32742.54310787921,66127.29970206186,0.8,47
161.6070336553016,289.97980481078105,32219.539822881434,60191.81441512638,0.8,48
159.5299408386431,296.1326402370545,31826.810315161532,65479.91973383733,0.8,49
160.42260941023787,297.5283149798353,31728.502099502002,56814.84314030086,0.8,50
142.96155232718158,295.5457743464612,31849.473133424544,59758.98343729146,0.8,51
161.74458871652143,300.27423908574383,31960.20855406797,64683.83003413991,0.8,52
161.02456409955937,313.7900995933726,31975.603778906963,47476.251938426074,0.8,53
156.12923668195486,310.1619925290406,31289.04780707922,58901.19279923461,0.8,54
177.33531725446994,308.31308597380735,31217.579490699278,58459.71692540159,0.8,55
166.05269942515784,322.11933788377144,30547.886278073845,55722.4367197273,0.8,56
172.86573644523762,317.98401437474945,30779.187875877033,60133.326878523105,0.8,57
197.245343476134,313.15577288127463,30990.035540190493,45166.736082885414,0.8,58
206.02060116972754,318.89150938413,30579.61558352274,56543.76390559804,0.8,59
205.9807388581435,326.71593049894454,30119.351382879726,44040.72390652756,0.8,60
197.78329908577064,320.4984455273416,30710.47580366108,44001.44624006701,0.8,61
211.56116622650524,329.5550555214055,29885.315259707386,43001.28321778593,0.8,62
221.79408225602356,320.8712332105405,30094.766641689504,42778.21842505465,0.8,63
220.00880590881957,320.2631821476914,30140.248405495036,42935.54989678373,0.8,64
222.37467791946415,333.13784511995436,29930.655834998048,42244.393619252405,0.8,65
231.62947965727116,343.3845253628525,29881.982475970526,41828.20448754659,0.8,66
247.62698014617115,335.209372696203,29903.66114864654,42416.01753603343,0.8,67
250.0969892266042,335.25261020098014,29736.842720567067,40847.7963764486,0.8,68
242.7476844492606,347.47455122154145,29878.407914053318,41728.88879677228,0.8,69
254.65264624115886,334.1991950489039,29933.24708644695,41078.736271711576,0.8,70
232.13069469829745,334.1991950489039,29739.07621678071,44052.13279511311,0.8,71
250.8732413588997,337.25164745727443,29733.990844603257,39785.750795551736,0.8,72
268.18775511438946,334.1991950489039,29733.990844603257,44178.23220107566,0.8,73
254.35184196399013,336.99728352791647,29733.990844603257,38569.31379551402,0.8,74
291.05824657075595,334.1991950489039,29733.990844603257,39282.17182004449,0.8,75
286.90761949755733,334.1991950489039,29733.990844603257,38495.358152974826,0.8,76
297.3341808070637,334.1991950489039,29733.990844603257,31053.628136064188,0.8,77
324.19490917175375,324.19490917175375,29733.990844603257,29733.990844603257,0.8,78
-9.819317509103104,27.04569673273705,129420.96885382292,1437447.3808283443,0.9,1
-13.163241264254907,39.74159800804735,105634.21709326284,1250425.725352767,0.9,2
-14.622512938694967,55.188518093861155,95888.37531519278,569414.6498596771,0.9,3
-14.395403065623547,62.33023475922927,85726.88791755078,434774.94911572477,0.9,4
-18.133371266544653,61.86543546657447,72356.32867156733,411406.2928994749,0.9,5
-5.857745760117712,78.3737042606578,71300.14070896035,282194.4658248955,0.9,6
-9.667741497285101,84.07122131217506,66798.01594492924,313232.06516602694,0.9,7
-0.7707138386873638,92.98407727092764,63331.242519344196,231340.6536796189,0.9,8
3.8431642993604296,102.53450580392202,62893.07693725516,267711.38709037466,0.9,9
4.551364731614697,110.33052574517431,61123.259790016775,200790.17953393952,0.9,10
5.284668508009759,110.83464951345965,54771.63368876804,160859.4211922786,0.9,11
8.745540681279522,116.19534895887966,55735.50384085782,155211.64236140114,0.9,12
4.972204985942961,134.82757997222822,51581.78956180032,180198.1207832825,0.9,13
19.512089545136206,137.74643068414625,54027.632990033155,133649.3147710366,0.9,14
29.457752550286852,155.6220583517041,50030.61485412625,124266.93590378172,0.9,15
31.78873144687671,158.1296929164439,48520.280779779,116181.96671270941,0.9,16
40.69054135031885,165.50320867077448,47856.261778687185,99643.71956111693,0.9,17
31.43793480863406,173.32503054689562,44634.40153252114,113335.82090843753,0.9,18
37.29768234287603,168.2813161069389,46424.76860403057,122813.98232033782,0.9,19
39.88917703268234,173.83753348271154,45125.20987590311,98456.0824290087,0.9,20
56.160314079199466,189.59038772028381,39360.37368086725,120212.8570878328,0.9,21
61.26716143745406,215.38089790657224,44348.81529627072,121667.10847970755,0.9,22
46.903217885412936,186.14571893350708,42142.43570281485,96910.6539521544,0.9,23
54.856114401393505,224.75626830288567,40575.52874433279,88157.00715160348,0.9,24
49.59592240697076,205.7783897158744,42705.050047988414,97447.62593053319,0.9,25
60.690000573123626,212.14685471571516,35301.99062689075,102382.97489249083,0.9,26
67.12453439841738,208.8126249646004,39986.91247597486,101537.81851898885,0.9,27
75.56416377736795,218.89419343476308,37975.630956358866,86906.23305021066,0.9,28
90.38581757164253,223.22341650330955,40781.63088136691,82556.7400520787,0.9,29
89.74069534415574,223.52328793087366,35012.958601518345,79580.79329619845,0.9,30
84.73053730687491,219.9426493290949,37935.511169763995,74961.59150484402,0.9,31
89.5784290132507,216.80416520621972,37599.57941910737,72100.60504065725,0.9,32
86.37995113168778,241.88788604334658,38288.79288630449,85818.77349353657,0.9,33
106.00286407617504,244.62293666827327,35883.80055406657,73367.44954403279,0.9,34
109.12004596993326,241.42307245940026,36498.89329726697,75259.08395755272,0.9,35
97.42488634240932,265.6607699097382,37127.39570210308,75223.48503266386,0.9,36
104.99914397547138,253.50138131433562,35036.3946227771,77297.88620593381,0.9,37
102.60520877459606,266.9470235512098,34088.189082658784,60231.38661979849,0.9,38
108.81225982961179,267.8489010909515,35097.36741241958,72923.88493415917,0.9,39
116.9476938982074,270.3934194758373,35346.047159172034,82847.81576670127,0.9,40
123.69280739637321,265.8893243923294,34047.51040212645,68058.05991441495,0.9,41
116.8740378071375,265.8748676791144,33455.756673524585,82391.9430052977,0.9,42
127.83382980672832,294.0686280556274,33550.381611266755,71016.56766126749,0.9,43
134.39153634416,288.9554507315603,32867.131496570786,70058.60053436921,0.9,44
141.1539717905156,265.8204556981327,33123.7462923081,66585.02402932983,0.9,45
148.83421095432945,282.65245088276674,32899.1433224018,60739.84801621771,0.9,46
150.75940498396037,302.4511658303,33208.082075057966,65198.085633375485,0.9,47
120.88022734393505,312.86189849424784,32497.33856466157,66059.4669574257,0.9,48
159.60134954206575,290.23349169815435,31662.56712943176,63391.07204434247,0.9,49
142.91563460928822,289.0554446546953,31698.52836544112,57733.3474022201,0.9,50
166.9190337604863,296.9118799695549,31489.01065367707,47066.25324520223,0.9,51
163.3374398007209,294.3780561426414,31170.92832472381,49711.05153103785,0.9,52
167.27470605678434,306.64279412579435,30754.408990898442,63031.447011258475,0.9,53
169.1487617870239,312.50907819546114,31452.407512345966,48210.906966831455,0.9,54
176.37972677893833,291.2458728553762,31350.53578980231,63658.98046497192,0.9,55
188.75741923541852,309.23459999667944,31409.916367021982,44876.86207836366,0.9,56
193.08447610242297,320.7530146360309,30447.661052972777,43956.87661395665,0.9,57
192.8657020025694,330.2076238777988,30718.27236813432,55134.395546048814,0.9,58
194.58597291843546,330.24741947097334,30986.16067628492,45154.78837277353,0.9,59
212.54870800187462,319.56486762606403,30680.605904288826,45614.24312460273,0.9,60
204.51048352827044,326.26547879507825,30401.972578637327,57518.4223635587,0.9,61
213.00648050052098,318.3281953750952,30188.49823710502,44381.244949703396,0.9,62
219.1595779397018,329.84229043803373,30223.460082818045,57411.76537065527,0.9,63
229.28017816059318,324.70149046481026,30164.441419636194,44077.88113547718,0.9,64
222.98306734490626,335.9919547675265,30163.293279100544,41550.34828804581,0.9,65
236.11542562536857,335.1027728621974,29763.314162371204,40803.96369605756,0.9,66
248.54296121789028,331.841327694328,29911.697902336757,40943.22801325979,0.9,67
250.87929576958706,339.0023904784957,30001.449592396155,41481.748629875896,0.9,68
257.766554286413,332.7778257966661,29971.735428412794,39548.19202565208,0.9,69
254.27967193739846,335.93593359896704,29776.335602277028,40325.64798264932,0.9,70
274.2260933773571,334.9691303704667,29748.915542769748,38583.96881163606,0.9,71
257.02951319685167,338.3498221221024,29733.990844603257,40334.374894519555,0.9,72
263.0062573778663,338.3498221221024,29733.990844603257,39042.63802677739,0.9,73
266.416238348242,338.3498221221024,29733.990844603257,39354.725147636906,0.9,74
289.90936552180926,338.2542807997904,29733.990844603257,37951.78659352397,0.9,75
292.2736139396301,334.1991950489039,29733.990844603257,39024.838689660086,0.9,76
297.3341808070637,334.1991950489039,29733.990844603257,37705.201398199155,0.9,77
324.19490917175375,324.19490917175375,29733.990844603257,29733.990844603257,0.9,78
-9.819317509103104,27.04569673273705,129420.96885382292,1437447.3808283443,1.0,1
-18.293485827317056,41.667785281254,105634.21709326284,677938.8072750669,1.0,2
-16.511794484570537,51.932479613959146,99195.20890060942,400065.71583078516,1.0,3
-17.969823718152433,55.5831173739291,83547.23009359089,310577.51676059165,1.0,4
-24.55255969939781,73.31461048822253,80847.32428271696,379833.3944598371,1.0,5
-30.24243090733968,83.09634086635185,71675.2505586371,349607.04177775333,1.0,6
-10.41349389685003,86.29835871215289,63872.83040666798,285916.4618901074,1.0,7
-20.01100044430184,95.52373665802847,66182.1420038971,274778.2148548835,1.0,8
-4.892050575030023,107.48317301259564,62767.72415392039,198661.44566273337,1.0,9
-14.172250818370433,114.87600069362156,56174.39225050568,214038.57520680662,1.0,10
16.091259455188926,121.71120752112733,54936.441953150505,167022.8194026629,1.0,11
-5.174489948179502,132.85576609247758,53514.18274933572,242962.32703461393,1.0,12
16.452707661292578,133.1252566251659,54048.75613035651,128334.36616774346,1.0,13
24.261664818325272,139.63476766635173,50239.24695596558,145188.0349700743,1.0,14
13.638350717326785,151.9099380526223,49700.87224747581,129761.32112879152,1.0,15
21.13450622671028,159.68364778224054,50359.22097567218,133668.08216625318,1.0,16
10.119961445627466,156.72860850211293,47813.19158422796,193547.49132985153,1.0,17
32.488643974686624,151.17999577564348,48822.85783902125,124692.25024870258,1.0,18
31.760856097892585,167.9328320657015,46092.48542571052,122690.6311723445,1.0,19
48.63045259960353,174.59190003346296,44516.939829953866,100747.16561155152,1.0,20
44.13217031260104,196.67588864119278,44236.63386329029,107328.76039385844,1.0,21
24.43593474698264,181.69164004648997,42400.15976154233,116839.85396828243,1.0,22
53.08099572096035,196.0864563567309,42874.21023555172,117029.32553626983,1.0,23
48.85640072539543,200.87447882172842,41022.02918379028,96825.69626350861,1.0,24
63.01983060218136,195.81539986799947,39439.35691104116,89456.73451471959,1.0,25
55.95176575921519,187.89227061123907,41289.439600101025,87087.02291448736,1.0,26
62.11988368649615,211.80965543186213,41380.68756826233,85385.80498362113,1.0,27
59.57570855994692,199.2177016048175,38824.51607657478,85470.16999537229,1.0,28
77.8305826236144,202.839115358397,38397.41683328931,82181.33975769985,1.0,29
75.14277292130106,220.71105182588963,37824.78394202572,91009.22786536494,1.0,30
82.24885793427686,231.70446234430236,37220.64037073357,79485.02820778063,1.0,31
95.96614987487828,239.75891258534242,36970.28502234868,76314.1445045856,1.0,32
93.24002226873414,226.05432189739372,37798.550889816026,90322.06599894431,1.0,33
101.01011468389595,221.43089066697564,37373.37977690099,78301.26972931717,1.0,34
93.74959894193083,234.72255962402838,35251.058677737485,75839.880911384,1.0,35
109.15565576296882,259.65119640693996,35149.345991405724,74596.53229263928,1.0,36
114.95530050278157,259.4457015617696,35379.584752386516,76596.9887694795,1.0,37
104.37495353138769,284.7887555636115,34493.0019208447,71105.11441827839,1.0,38
103.39990267294223,278.4647947467248,33791.93215904492,68452.09102719698,1.0,39
116.1782622152042,250.77814665186534,34238.08955364284,69198.72125836942,1.0,40
118.5283587888056,258.99441554144215,33692.892101458114,72157.55118917424,1.0,41
105.76444471667651,278.1903042310727,34200.98484378467,68944.11529556244,1.0,42
119.22691467730593,282.77310407074003,33763.746034092714,69156.92828205571,1.0,43
115.90910024910863,275.38358857131743,33484.23625227312,70588.45417570832,1.0,44
133.67395578315347,279.9200316298969,33064.49243656343,63144.82505804798,1.0,45
143.21843856516756,286.4729522502572,32086.335726672707,76963.91434864956,1.0,46
131.5900015574319,297.91855948691386,33266.94589522046,50573.07950036929,1.0,47
152.29010175586544,302.51160404968084,31590.53871523769,57175.14134145315,1.0,48
164.872012983711,299.5400123210618,31456.276276329976,53090.54760161819,1.0,49
157.08847691131896,297.4928468595796,32729.889926557033,64946.52050789073,1.0,50
162.22984122006957,302.8408425865143,31783.872313555177,64099.61863243545,1.0,51
166.97345770474408,294.74821938621517,32310.28612344476,62217.60992533027,1.0,52
183.5518447104276,302.3779412439444,31857.86884021752,58651.08973075466,1.0,53
167.6120769514288,320.60069959443797,31294.96299291895,46719.54046707825,1.0,54
189.3788325852687,343.2110719304676,30875.427945193605,49336.32465785676,1.0,55
188.8064212785818,309.83507347038653,30934.07478909703,44986.21083036064,1.0,56
185.77002631669606,313.6529056355091,30372.862685677777,46882.141134043435,1.0,57
176.42972632788332,325.6042268245963,30811.287941439943,47882.45549322443,1.0,58
191.73672453082025,304.75745578429724,31142.68002587693,45924.299601846615,1.0,59
187.18850505408025,313.25123877814497,30715.751140717162,48360.3607577473,1.0,60
183.86448273048836,327.23792020889744,30188.60254646614,56445.167962409534,1.0,61
212.81637605327853,325.2526560403869,30246.69875759645,56844.55645675586,1.0,62
219.57737242084505,336.64715110475163,30249.587198981088,47332.58784313247,1.0,63
235.93060238900193,335.07507105906075,30191.320257771225,55949.2179226554,1.0,64
229.32970493499158,326.502603113035,29916.78436503466,43168.0965215228,1.0,65
200.08896836122648,336.94275200769187,30020.134939231513,42865.08999054659,1.0,66
245.91140581185866,334.1991950489039,30015.344599496264,40966.10009414864,1.0,67
238.85805738446365,333.2333864422665,29797.050346680324,40222.1220991167,1.0,68
247.4737387224999,334.1991950489039,29889.147255800202,40308.58267578751,1.0,69
230.23437485267706,332.57198147162205,29736.842720567067,40803.46443926089,1.0,70
224.933421435035,332.86951257291776,29733.990844603257,42052.83107564865,1.0,71
267.0293732118665,337.25164745727443,29733.990844603257,38388.88371170995,1.0,72
261.0562708144738,338.2542807997904,29754.642057684378,39939.82811720077,1.0,73
252.67254224235967,338.2542807997904,29733.990844603257,38442.696063181276,1.0,74
269.6084128139506,338.3498221221024,29733.990844603257,38708.586480560705,1.0,75
291.1845164775709,334.1991950489039,29733.990844603257,37848.01731225319,1.0,76
297.3341808070637,334.1991950489039,29733.990844603257,37705.201398199155,1.0,77
324.19490917175375,324.19490917175375,29733.990844603257,29733.990844603257,1.0,78
